{
	"info": {
		"_postman_id": "976446a3-14eb-4036-b213-e687fd57fde9",
		"name": "Play.Catalog.Service",
		"schema": "https://schema.getpostman.com/json/collection/v2.1.0/collection.json"
	},
	"item": [
		{
			"name": "items",
			"item": [
				{
					"name": "{id}",
					"item": [
						{
							"name": "/items/:id",
							"request": {
								"method": "GET",
								"header": [],
								"url": {
									"raw": "{{baseUrl}}/items/:id",
									"host": [
										"{{baseUrl}}"
									],
									"path": [
										"items",
										":id"
									],
									"variable": [
										{
											"key": "id",
											"value": "<uuid>",
											"description": "(Required) "
										}
									]
								}
							},
							"response": [
								{
									"name": "Success",
									"originalRequest": {
										"method": "GET",
										"header": [],
										"url": {
											"raw": "{{baseUrl}}/items/:id",
											"host": [
												"{{baseUrl}}"
											],
											"path": [
												"items",
												":id"
											],
											"variable": [
												{
													"key": "id"
												}
											]
										}
									},
									"status": "OK",
									"code": 200,
									"_postman_previewlanguage": "json",
									"header": [
										{
											"key": "Content-Type",
											"value": "application/json"
										}
									],
									"cookie": [],
									"body": "{\n \"id\": \"urn:uuid:62a342e0-a3be-b2c5-0358-1284394495a0\",\n \"name\": \"qu\",\n \"description\": \"Ut anim nostrud\",\n \"price\": 35125915.212035835,\n \"createdDate\": \"2001-09-04T09:12:08.699Z\"\n}"
								}
							]
						},
						{
							"name": "/items/:id",
							"request": {
								"method": "PUT",
								"header": [
									{
										"key": "Content-Type",
										"value": "application/json"
									}
								],
								"body": {
									"mode": "raw",
									"raw": "{\n    \"name\": \"<string>\",\n    \"description\": \"<string>\",\n    \"price\": \"<double>\"\n}"
								},
								"url": {
									"raw": "{{baseUrl}}/items/:id",
									"host": [
										"{{baseUrl}}"
									],
									"path": [
										"items",
										":id"
									],
									"variable": [
										{
											"key": "id",
											"value": "<uuid>",
											"description": "(Required) "
										}
									]
								}
							},
							"response": [
								{
									"name": "Success",
									"originalRequest": {
										"method": "PUT",
										"header": [],
										"body": {
											"mode": "raw",
											"raw": "{\n    \"name\": \"<string>\",\n    \"description\": \"<string>\",\n    \"price\": \"<double>\"\n}"
										},
										"url": {
											"raw": "{{baseUrl}}/items/:id",
											"host": [
												"{{baseUrl}}"
											],
											"path": [
												"items",
												":id"
											],
											"variable": [
												{
													"key": "id"
												}
											]
										}
									},
									"status": "OK",
									"code": 200,
									"_postman_previewlanguage": "text",
									"header": [
										{
											"key": "Content-Type",
											"value": "text/plain"
										}
									],
									"cookie": [],
									"body": ""
								}
							]
						},
						{
							"name": "/items/:id",
							"request": {
								"method": "DELETE",
								"header": [],
								"url": {
									"raw": "{{baseUrl}}/items/:id",
									"host": [
										"{{baseUrl}}"
									],
									"path": [
										"items",
										":id"
									],
									"variable": [
										{
											"key": "id",
											"value": "<uuid>",
											"description": "(Required) "
										}
									]
								}
							},
							"response": [
								{
									"name": "Success",
									"originalRequest": {
										"method": "DELETE",
										"header": [],
										"url": {
											"raw": "{{baseUrl}}/items/:id",
											"host": [
												"{{baseUrl}}"
											],
											"path": [
												"items",
												":id"
											],
											"variable": [
												{
													"key": "id"
												}
											]
										}
									},
									"status": "OK",
									"code": 200,
									"_postman_previewlanguage": "text",
									"header": [
										{
											"key": "Content-Type",
											"value": "text/plain"
										}
									],
									"cookie": [],
									"body": ""
								}
							]
						}
					]
				},
				{
					"name": "/items",
					"request": {
						"method": "GET",
						"header": [],
						"url": {
							"raw": "{{baseUrl}}/items",
							"host": [
								"{{baseUrl}}"
							],
							"path": [
								"items"
							]
						}
					},
					"response": [
						{
							"name": "Success",
							"originalRequest": {
								"method": "GET",
								"header": [],
								"url": {
									"raw": "{{baseUrl}}/items",
									"host": [
										"{{baseUrl}}"
									],
									"path": [
										"items"
									]
								}
							},
							"status": "OK",
							"code": 200,
							"_postman_previewlanguage": "json",
							"header": [
								{
									"key": "Content-Type",
									"value": "application/json"
								}
							],
							"cookie": [],
							"body": "[\n {\n  \"id\": \"urn:uuid:ea1e524a-f977-14e7-caac-9f8c7fde8c1c\",\n  \"name\": \"dolore pariatur sunt aute\",\n  \"description\": \"sed anim sunt elit Excepteur\",\n  \"price\": 46048105.42375705,\n  \"createdDate\": \"1967-11-14T18:56:38.142Z\"\n },\n {\n  \"id\": \"urn:uuid:e6ccb36f-d14f-1e86-0c4e-5d8730bd3b4e\",\n  \"name\": \"Ut esse laborum exercitation\",\n  \"description\": \"qui in incididunt aute\",\n  \"price\": 18279781.602801308,\n  \"createdDate\": \"1989-01-05T18:27:50.506Z\"\n }\n]"
						}
					]
				},
				{
					"name": "/items",
					"request": {
						"method": "POST",
						"header": [
							{
								"key": "Content-Type",
								"value": "application/json"
							}
						],
						"body": {
							"mode": "raw",
							"raw": "{\n    \"name\": \"<string>\",\n    \"description\": \"<string>\",\n    \"price\": \"<double>\"\n}"
						},
						"url": {
							"raw": "{{baseUrl}}/items",
							"host": [
								"{{baseUrl}}"
							],
							"path": [
								"items"
							]
						}
					},
					"response": [
						{
							"name": "Success",
							"originalRequest": {
								"method": "POST",
								"header": [],
								"body": {
									"mode": "raw",
									"raw": "{\n    \"name\": \"<string>\",\n    \"description\": \"<string>\",\n    \"price\": \"<double>\"\n}"
								},
								"url": {
									"raw": "{{baseUrl}}/items",
									"host": [
										"{{baseUrl}}"
									],
									"path": [
										"items"
									]
								}
							},
							"status": "OK",
							"code": 200,
							"_postman_previewlanguage": "json",
							"header": [
								{
									"key": "Content-Type",
									"value": "application/json"
								}
							],
							"cookie": [],
							"body": "{\n \"id\": \"urn:uuid:62a342e0-a3be-b2c5-0358-1284394495a0\",\n \"name\": \"qu\",\n \"description\": \"Ut anim nostrud\",\n \"price\": 35125915.212035835,\n \"createdDate\": \"2001-09-04T09:12:08.699Z\"\n}"
						}
					]
				}
			]
		}
	],
	"event": [
		{
			"listen": "prerequest",
			"script": {
				"type": "text/javascript",
				"exec": [
					""
				]
			}
		},
		{
			"listen": "test",
			"script": {
				"type": "text/javascript",
				"exec": [
					""
				]
			}
		}
	],
	"variable": [
		{
			"key": "baseUrl",
			"value": "https://localhost:5001"
		}
	]
}